{
    "BLEU": {
        "bleu": 0.6557360955481925,
        "brevity_penalty": 1.0,
        "length_ratio": 1.0287477167677148,
        "translation_length": 1199633,
        "reference_length": 1166110
    },
    "chrF": {
        "score": 82.82875929554902,
        "char_order": 6,
        "word_order": 0,
        "beta": 2
    },
    "COMET": {
        "score": 0.8477403617650271
    },
    "COMET-KIWI": {
        "score": 0.7407973813593388
    },
    "ROUGE": {
        "rouge1": 0.8435981773597305,
        "rouge2": 0.7115614171968483,
        "rougeL": 0.8033070933263601,
        "rougeLsum": 0.8033773892595483
    },
    "BLEURT": {
        "score": 0.3561131858259439
    }
}