{
    "BLEU": {
        "bleu": 0.5898776028576961,
        "brevity_penalty": 1.0,
        "length_ratio": 1.012745297851278,
        "translation_length": 139135,
        "reference_length": 137384
    },
    "chrF": {
        "score": 77.02538040019927,
        "char_order": 6,
        "word_order": 0,
        "beta": 2
    },
    "COMET": {
        "score": 0.8988994845872323
    },
    "COMET-KIWI": {
        "score": 0.8368058317605508
    },
    "ROUGE": {
        "rouge1": 0.8169600367700605,
        "rouge2": 0.6437555183233348,
        "rougeL": 0.7868926813320127,
        "rougeLsum": 0.7867161000351952
    },
    "BLEURT": {
        "score": 0.5384413910398849
    }
}