{
    "BLEU": {
        "bleu": 0.5169071804889843,
        "brevity_penalty": 1.0,
        "length_ratio": 1.0536015838816748,
        "translation_length": 144748,
        "reference_length": 137384
    },
    "chrF": {
        "score": 72.9431018357813,
        "char_order": 6,
        "word_order": 0,
        "beta": 2
    },
    "COMET": {
        "score": 0.8902339429249254
    },
    "COMET-KIWI": {
        "score": 0.8345373480507497
    },
    "ROUGE": {
        "rouge1": 0.789517878828413,
        "rouge2": 0.6021521840228712,
        "rougeL": 0.7555386020955933,
        "rougeLsum": 0.7556466265339759
    },
    "BLEURT": {
        "score": 0.48650777384931787
    }
}