{
    "BLEU": {
        "bleu": 0.5872808633146109,
        "brevity_penalty": 1.0,
        "length_ratio": 1.0035011355034065,
        "translation_length": 137865,
        "reference_length": 137384
    },
    "chrF": {
        "score": 76.56724077106519,
        "char_order": 6,
        "word_order": 0,
        "beta": 2
    },
    "COMET": {
        "score": 0.8980213798175941
    },
    "COMET-KIWI": {
        "score": 0.8370451077424217
    },
    "ROUGE": {
        "rouge1": 0.8149944306268524,
        "rouge2": 0.6402195338405031,
        "rougeL": 0.7847144175715216,
        "rougeLsum": 0.7849136415513833
    },
    "BLEURT": {
        "score": 0.5363599083896122
    }
}