{
    "BLEU": {
        "bleu": 0.5514242295082489,
        "brevity_penalty": 0.9912987084414759,
        "length_ratio": 0.9913363460296966,
        "translation_length": 153558,
        "reference_length": 154900
    },
    "chrF": {
        "score": 72.95399547740969,
        "char_order": 6,
        "word_order": 0,
        "beta": 2
    },
    "COMET": {
        "score": 0.8909115522059449
    },
    "COMET-KIWI": {
        "score": 0.8580272418490191
    },
    "ROUGE": {
        "rouge1": 0.7666859625667763,
        "rouge2": 0.6153636912678102,
        "rougeL": 0.7368626219302556,
        "rougeLsum": 0.7371407646126256
    },
    "BLEURT": {
        "score": 0.3461427091087183
    }
}