{
    "COMET": {
        "score": 0.8537150820096334
    },
    "COMET-KIWI": {
        "score": 0.5618129471937815
    }
}